{
    "logistic_regresstion": [
        0.8201216141514649,
        [
            0.8212213318596298,
            0.8184581376070738,
            0.8181818181818182,
            0.8211719181868435,
            0.822228366049212,
            0.8175283384019906,
            0.8200165883328725,
            0.8153165606856511,
            0.8294166436273155,
            0.8117224218965994
        ]
    ],
    "DecisionTreeClassifier": [
        0.8527363184079602,
        [
            0.8565902182923459,
            0.8516164686377452,
            0.8424979276043106,
            0.8546158098396904,
            0.8465579209289467,
            0.8482167542162012,
            0.842963782139895,
            0.8446226154271496,
            0.8495991152889134,
            0.8556815040088471
        ]
    ],
    "RandomForestClassifier": [
        0.8479823106688779,
        [
            0.8499170812603648,
            0.8507462686567164,
            0.8466003316749585,
            0.8543394140409066,
            0.861249309010503,
            0.857379767827529,
            0.8529574350469873,
            0.8603815316560686,
            0.8570638650815593,
            0.8598285872269837
        ]
    ],
    "SupportVectorMachine": [
        0.8300718629076838,
        [
            0.8339320254213871,
            0.8333333333333334,
            0.8377556661138751,
            0.8394140409065782,
            0.8347153123272526,
            0.8360972913211719,
            0.8302460602709427,
            0.8393696433508432,
            0.8252695604091789,
            0.831628421343655
        ]
    ]
}